{"train/epoch":2.9924999999999997,"GPU Utilization (%)":98.99113396763632,"train/grad_norm":0.20000000021668313,"_timestamp":1.776304594350206e+09,"_runtime":5.157241875,"_step":399,"train/loss":0.40029370070365355,"GPU Frequency (MHz)":1250,"System Power Usage (W)":244.3448287810712,"_wandb":{"runtime":5},"GPU Temperature (°C)":80.00015722541967,"train/global_step":399,"train/learning_rate":5.711540374303548e-10}